index,direct_dps,direct_order,cauchy_moment,direct_moment,absolute_error,relative_error
0,90,12,0.023104993115418970788933810430339014003381760397422,0.023104993115418970788933810430339014003381760397422,2.43479572503758381401029625165e-94,1.0537963430132936e-92
1,90,12,0.000037172599285269686164866262471740578453650889730083,0.000037172599285269686164866262471740578453650889730083,3.8035860073222512586169250026e-95,1.023223040749128e-90
2,90,12,0.0000001441739314009732796953815560948209070368830085091,0.0000001441739314009732796953815560948209070368830085091,2.12494527871679767663601383421e-96,1.4738762119255441e-89
3,90,12,0.00000000066303168025299086987327208196135724847369275907084,0.00000000066303168025299086987327208196135724847369275907084,2.49392989014115358767671330869e-98,3.761403812845795e-89
4,90,12,0.0000000000032136641506166012161021165998346551415628486000045,0.0000000000032136641506166012161021165998346551415628486000045,2.33634240027343347172734460061e-100,7.270026644897422e-89
5,90,12,0.000000000000015876934514910153518982838808391042836693933794472,0.000000000000015876934514910153518982838808391042836693933794472,1.73637717403745487228907084258e-102,1.0936476259990929e-88
