depth,count,coverage,penalized_rmse,penalized_relative_rmse,max_abs_error,tail_start,tail_penalized_rmse,tail_penalized_relative_rmse,orthogonality_defect,breakdown_index,min_beta
16,12,1.0,5.961817350646387,0.10771333668127436,17.990023956113966,7,8.431282953662492,0.15232966158261363,3.4035412618112716e-145,-1,0.00012023663952182778
20,12,1.0,0.6210160066365364,0.011054098139060069,2.078994955666758,7,0.8782492590361699,0.01563285550806194,5.987573108763028e-132,-1,9.701864358338737e-05
24,12,1.0,0.009639825537665491,0.00017078605027612918,0.033382962988973475,7,0.013632772014277051,0.00024152794856463516,3.965534120805702e-118,-1,7.165694844298763e-05
