noise_level,trial,status,alpha_max_relative_delta,beta_max_relative_delta,prediction_max_abs_delta,count,coverage,penalized_rmse,penalized_relative_rmse,max_abs_error,orthogonality_defect
1e-18,0,PASS,0.0,0.0,0.0,12,1.0,0.009639825537665491,0.00017078605027612918,0.033382962988973475,3.965534120805702e-118
1e-18,1,PASS,0.0,0.0,0.0,12,1.0,0.009639825537665491,0.00017078605027612918,0.033382962988973475,3.965534120805702e-118
1e-14,0,PASS,1.3945268165412592,0.06872916106993054,193.0983760715111,8,0.6666666666666666,80.77269240208541,57.749799917541544,193.0983760715684,2.6497349136889905e-169
1e-14,1,PASS,8.664403400144174,7.21680346247425,203.8280013694434,8,0.6666666666666666,83.06787848848,57.75154479572386,203.82800136950073,5.299469827377981e-169
1e-10,0,PASS,6.73497569228843,0.14873670438590578,139.23320739390857,6,0.5,81.56447408947359,70.7190073953156,139.23320739390857,2.5876317516494047e-171
1e-10,1,PASS,0.1026498232720968,0.006480504417568877,136.66892967634178,6,0.5,81.18635742398557,70.71869535221559,136.66892967634178,2.0215873059760975e-174
