dps,radius,samples,status,moment_max_relative_error,prediction_max_abs_delta_vs_reference,count,coverage,penalized_rmse,penalized_relative_rmse,max_abs_error,orthogonality_defect
140,3.0,2048,PASS,4.309961846833431e-73,1.2505552149377763e-12,12,1.0,0.009639825537304343,0.00017078605026973073,0.03338296298772292,4.264108224077882e-77
140,4.0,2048,PASS,1.067010197369231e-85,0.0,12,1.0,0.009639825537665491,0.00017078605027612918,0.033382962988973475,7.556647485707639e-78
180,3.0,2048,PASS,2.242878686616196e-112,0.0,12,1.0,0.009639825537665491,0.00017078605027612918,0.033382962988973475,1.1896602362417106e-117
180,4.0,2048,PASS,3.9082411977872524e-125,0.0,12,1.0,0.009639825537665491,0.00017078605027612918,0.033382962988973475,6.939684711409978e-118
