control,depth,count,coverage,penalized_rmse,penalized_relative_rmse,max_abs_error,breakdown_index,orthogonality_defect,min_beta
signal,24,12,1.0,0.009639825537665491,0.00017078605027612918,0.033382962988973475,-1,3.965534120805702e-118,7.165694844298763e-05
signflip,24,1,0.08333333333333333,95.77796962486639,95.74288728711473,100.0,1,1.204959932551442e-181,0.001910897792088026
permuted,24,1,0.08333333333333333,1.5745166276902198e+18,1.1139350867469264e+17,5.454285593042941e+18,0,0.0,nan
gaussian,24,2,0.16666666666666666,8.168292384974749e+21,3.8855850932322147e+20,2.829579484370845e+22,1,1.4852277861680936e-213,3.1955399321805867e-13
